"DATUM","PRIS","SUBSTANSVÄRDE","BERÄKNAT_SUBSTANSVÄRDE"
"2014-03-03","95.50","112.00",".00"
"2014-03-04","97.00","112.00",".00"
"2014-03-05","98.75","112.00",".00"
"2014-03-06","99.25","112.00",".00"
"2014-03-07","98.50","112.00",".00"
"2014-03-10","97.50","112.00",".00"
"2014-03-11","98.00","112.00",".00"
"2014-03-12","98.00","112.00",".00"
"2014-03-13","98.00","112.00",".00"
"2014-03-14","98.00","112.00",".00"
"2014-03-17","100.00","112.00",".00"
"2014-03-18","100.00","112.00",".00"
"2014-03-19","97.50","112.00",".00"
"2014-03-20","99.00","112.00",".00"
"2014-03-21","99.50","112.00",".00"
"2014-03-24","106.00","112.00",".00"
"2014-03-25","102.00","112.00",".00"
"2014-03-26","105.50","112.00",".00"
"2014-03-27","103.25","112.00",".00"
"2014-03-28","104.75","112.00",".00"
"2014-03-31","109.50","112.00",".00"
"2014-04-01","106.00","112.00",".00"
"2014-04-02","105.50","112.00",".00"
"2014-04-03","106.00","112.00",".00"
"2014-04-04","105.75","112.00",".00"
"2014-04-07","102.50","112.00",".00"
"2014-04-08","103.50","112.00",".00"
"2014-04-09","106.00","112.00",".00"
"2014-04-10","107.00","112.00",".00"
"2014-04-11","104.00","112.00",".00"
"2014-04-14","103.75","112.00",".00"
"2014-04-15","102.75","112.00",".00"
"2014-04-16","102.75","112.00",".00"
"2014-04-17","104.25","112.00",".00"
"2014-04-18","104.25","112.00",".00"
"2014-04-21","104.25","112.00",".00"
"2014-04-22","105.75","112.00",".00"
"2014-04-23","111.00","112.00",".00"
"2014-04-24","107.25","112.00",".00"
"2014-04-25","106.50","112.00",".00"
"2014-04-28","106.50","112.00",".00"
"2014-04-29","108.00","112.00",".00"
"2014-04-30","108.00","112.00",".00"
"2014-05-01","108.00","112.00",".00"
"2014-05-02","103.00","112.00",".00"
"2014-05-05","106.00","132.00",".00"
"2014-05-06","106.25","132.00",".00"
"2014-05-07","107.00","132.00",".00"
"2014-05-08","108.25","132.00",".00"
"2014-05-09","110.00","132.00",".00"
"2014-05-12","113.50","132.00",".00"
"2014-05-13","112.00","132.00",".00"
"2014-05-14","112.00","132.00",".00"
"2014-05-15","115.00","132.00",".00"
"2014-05-16","115.00","132.00",".00"
"2014-05-19","115.00","132.00",".00"
"2014-05-20","114.50","132.00",".00"
"2014-05-21","111.00","132.00",".00"
"2014-05-22","110.50","132.00",".00"
"2014-05-23","111.25","132.00",".00"
"2014-05-26","114.75","132.00",".00"
"2014-05-27","116.00","132.00",".00"
"2014-05-28","114.75","132.00",".00"
"2014-05-29","114.75","132.00",".00"
"2014-05-30","113.00","132.00",".00"
"2014-06-02","112.25","132.00",".00"
"2014-06-03","111.00","132.00",".00"
"2014-06-04","110.00","132.00",".00"
"2014-06-05","110.00","132.00",".00"
"2014-06-06","110.00","132.00",".00"
"2014-06-09","106.00","132.00",".00"
"2014-06-10","105.75","132.00",".00"
"2014-06-11","105.75","132.00",".00"
"2014-06-12","105.75","132.00",".00"
"2014-06-13","106.50","132.00",".00"
"2014-06-16","104.25","132.00",".00"
"2014-06-17","104.25","132.00",".00"
"2014-06-18","106.50","132.00",".00"
"2014-06-19","106.00","132.00",".00"
"2014-06-20","106.00","132.00",".00"
"2014-06-23","107.75","132.00",".00"
"2014-06-24","105.75","132.00",".00"
"2014-06-25","108.00","132.00",".00"
"2014-06-26","108.00","132.00",".00"
"2014-06-27","108.00","132.00",".00"
"2014-06-30","104.25","132.00",".00"
"2014-07-01","107.50","132.00",".00"
"2014-07-02","107.50","132.00",".00"
"2014-07-03","105.00","132.00",".00"
"2014-07-04","105.00","132.00",".00"
"2014-07-07","105.00","132.00",".00"
"2014-07-08","105.00","132.00",".00"
"2014-07-09","105.00","132.00",".00"
"2014-07-10","104.25","132.00",".00"
"2014-07-11","104.25","132.00",".00"
"2014-07-14","104.00","132.00",".00"
"2014-07-15","103.00","132.00",".00"
"2014-07-16","101.75","132.00",".00"
"2014-07-17","105.00","132.00",".00"
"2014-07-18","102.50","132.00",".00"
"2014-07-21","103.25","132.00",".00"
"2014-07-22","103.25","132.00",".00"
"2014-07-23","105.75","132.00",".00"
"2014-07-24","105.50","132.00",".00"
"2014-07-25","105.50","132.00",".00"
"2014-07-28","105.50","132.00",".00"
"2014-07-29","106.00","132.00",".00"
"2014-07-30","106.75","132.00",".00"
"2014-07-31","106.75","132.00",".00"
"2014-08-01","106.75","132.00",".00"
"2014-08-04","107.50","132.00",".00"
"2014-08-05","105.50","132.00",".00"
"2014-08-06","104.50","132.00",".00"
"2014-08-07","100.50","132.00",".00"
"2014-08-08","98.25","132.00",".00"
"2014-08-11","98.50","132.00",".00"
"2014-08-12","98.50","132.00",".00"
"2014-08-13","100.00","132.00",".00"
"2014-08-14","103.00","136.00",".00"
"2014-08-15","102.00","136.00",".00"
"2014-08-18","102.50","136.00",".00"
"2014-08-19","105.00","136.00",".00"
"2014-08-20","105.00","136.00",".00"
"2014-08-21","105.50","136.00",".00"
"2014-08-22","105.00","136.00",".00"
"2014-08-25","106.00","136.00",".00"
"2014-08-26","106.00","136.00",".00"
"2014-08-27","107.00","136.00",".00"
"2014-08-28","107.75","136.00",".00"
"2014-08-29","107.00","136.00",".00"
"2014-09-01","107.00","136.00",".00"
"2014-09-02","107.00","136.00",".00"
"2014-09-03","107.00","136.00",".00"
"2014-09-04","108.00","136.00",".00"
"2014-09-05","108.00","136.00",".00"
"2014-09-08","108.00","136.00",".00"
"2014-09-09","104.50","136.00",".00"
"2014-09-10","104.50","136.00",".00"
"2014-09-11","104.75","136.00",".00"
"2014-09-12","104.75","136.00",".00"
"2014-09-15","103.25","136.00",".00"
"2014-09-16","102.00","136.00",".00"
"2014-09-17","103.75","136.00",".00"
"2014-09-18","102.25","136.00",".00"
"2014-09-19","104.50","136.00",".00"
"2014-09-22","106.25","136.00",".00"
"2014-09-23","106.50","136.00",".00"
"2014-09-24","106.25","136.00",".00"
"2014-09-25","106.25","136.00",".00"
"2014-09-26","108.00","136.00",".00"
"2014-09-29","108.75","136.00",".00"
"2014-09-30","111.50","136.00",".00"
"2014-10-01","105.00","136.00",".00"
"2014-10-02","104.00","136.00",".00"
"2014-10-03","105.00","136.00",".00"
"2014-10-06","107.25","136.00",".00"
"2014-10-07","106.25","136.00",".00"
"2014-10-08","104.75","136.00",".00"
"2014-10-09","101.00","136.00",".00"
"2014-10-10","99.75","136.00",".00"
"2014-10-13","100.75","136.00",".00"
"2014-10-14","100.50","136.00",".00"
"2014-10-15","98.25","136.00",".00"
"2014-10-16","96.00","136.00",".00"
"2014-10-17","100.25","136.00",".00"
"2014-10-20","101.25","132.00",".00"
"2014-10-21","103.00","132.00",".00"
"2014-10-22","103.00","132.00",".00"
"2014-10-23","103.00","132.00",".00"
"2014-10-24","101.75","132.00",".00"
"2014-10-27","105.00","132.00",".00"
"2014-10-28","103.50","132.00",".00"
"2014-10-29","100.00","132.00",".00"
"2014-10-30","102.00","132.00",".00"
"2014-10-31","101.50","132.00",".00"
"2014-11-03","100.00","132.00",".00"
"2014-11-04","100.00","132.00",".00"
"2014-11-05","102.50","132.00",".00"
"2014-11-06","101.75","132.00",".00"
"2014-11-07","102.00","132.00",".00"
"2014-11-10","102.25","132.00",".00"
"2014-11-11","102.00","132.00",".00"
"2014-11-12","103.50","132.00",".00"
"2014-11-13","104.50","132.00",".00"
"2014-11-14","106.00","132.00",".00"
"2014-11-17","105.00","132.00",".00"
"2014-11-18","105.00","132.00",".00"
"2014-11-19","106.50","132.00",".00"
"2014-11-20","104.00","132.00",".00"
"2014-11-21","102.50","132.00",".00"
"2014-11-24","102.75","132.00",".00"
"2014-11-25","103.25","132.00",".00"
"2014-11-26","104.00","132.00",".00"
"2014-11-27","104.00","132.00",".00"
"2014-11-28","104.00","132.00",".00"
"2014-12-01","101.00","132.00",".00"
"2014-12-02","100.75","132.00",".00"
"2014-12-03","103.25","132.00",".00"
"2014-12-04","100.25","132.00",".00"
"2014-12-05","102.75","132.00",".00"
"2014-12-08","105.00","132.00",".00"
"2014-12-09","102.75","132.00",".00"
"2014-12-10","105.00","132.00",".00"
"2014-12-11","105.00","132.00",".00"
"2014-12-12","104.00","132.00",".00"
"2014-12-15","103.75","132.00",".00"
"2014-12-16","101.75","132.00",".00"
"2014-12-17","98.00","132.00",".00"
"2014-12-18","98.75","132.00",".00"
"2014-12-19","100.00","132.00",".00"
"2014-12-22","100.00","132.00",".00"
"2014-12-23","100.00","132.00",".00"
"2014-12-24","100.00","132.00",".00"
"2014-12-25","100.00","132.00",".00"
"2014-12-26","100.00","132.00",".00"
"2014-12-29","100.00","132.00",".00"
"2014-12-30","99.25","132.00",".00"
"2014-12-31","99.25","132.00",".00"
"2015-01-01","99.25","132.00",".00"
"2015-01-02","100.00","132.00",".00"
"2015-01-05","100.00","132.00",".00"
"2015-01-06","100.00","132.00",".00"
"2015-01-07","98.75","132.00",".00"
"2015-01-08","102.75","132.00",".00"
"2015-01-09","100.50","132.00",".00"
"2015-01-12","99.50","132.00",".00"
"2015-01-13","99.25","132.00",".00"
"2015-01-14","99.00","132.00",".00"
"2015-01-15","98.50","132.00",".00"
"2015-01-16","98.50","132.00",".00"
"2015-01-19","97.00","132.00",".00"
"2015-01-20","96.50","132.00",".00"
"2015-01-21","96.50","132.00",".00"
"2015-01-22","93.00","132.00",".00"
"2015-01-23","97.00","132.00",".00"
"2015-01-26","97.00","132.00",".00"
"2015-01-27","96.00","132.00",".00"
"2015-01-28","98.25","132.00",".00"
"2015-01-29","97.25","132.00",".00"
"2015-01-30","98.75","132.00",".00"
"2015-02-02","97.50","132.00",".00"
"2015-02-03","99.25","132.00",".00"
"2015-02-04","99.25","132.00",".00"
"2015-02-05","99.00","132.00",".00"
"2015-02-06","99.00","132.00",".00"
"2015-02-09","95.25","133.00",".00"
"2015-02-10","98.75","133.00",".00"
"2015-02-11","100.00","133.00",".00"
"2015-02-12","102.25","133.00",".00"
"2015-02-13","100.00","133.00",".00"
"2015-02-16","103.00","133.00",".00"
"2015-02-17","103.75","133.00",".00"
"2015-02-18","104.00","133.00",".00"
"2015-02-19","103.50","133.00",".00"
"2015-02-20","103.50","133.00",".00"
"2015-02-23","104.00","133.00",".00"
"2015-02-24","104.75","133.00",".00"
"2015-02-25","103.00","133.00",".00"
"2015-02-26","106.25","133.00",".00"
"2015-02-27","107.75","133.00",".00"
"2015-03-02","106.50","133.00",".00"
"2015-03-03","106.50","133.00",".00"
"2015-03-04","105.50","133.00",".00"
"2015-03-05","103.50","133.00",".00"
"2015-03-06","103.00","133.00",".00"
"2015-03-09","103.00","133.00",".00"
"2015-03-10","108.00","133.00",".00"
"2015-03-11","107.75","133.00",".00"
"2015-03-12","104.50","133.00",".00"
"2015-03-13","106.25","133.00",".00"
"2015-03-16","106.00","133.00",".00"
"2015-03-17","105.50","133.00",".00"
"2015-03-18","103.00","133.00",".00"
"2015-03-19","105.50","133.00",".00"
"2015-03-20","106.00","133.00",".00"
"2015-03-23","104.50","133.00",".00"
"2015-03-24","104.50","133.00",".00"
"2015-03-25","106.75","133.00",".00"
"2015-03-26","106.25","133.00",".00"
"2015-03-27","106.25","133.00",".00"
"2015-03-30","108.25","133.00",".00"
"2015-03-31","108.00","133.00",".00"
"2015-04-01","108.00","133.00",".00"
"2015-04-02","108.00","133.00",".00"
"2015-04-03","108.00","133.00",".00"
"2015-04-06","108.00","133.00",".00"
"2015-04-07","109.00","133.00",".00"
"2015-04-08","108.00","133.00",".00"
"2015-04-09","105.75","133.00",".00"
"2015-04-10","105.75","133.00",".00"
"2015-04-13","106.75","133.00",".00"
"2015-04-14","107.00","133.00",".00"
"2015-04-15","108.50","133.00",".00"
"2015-04-16","107.00","133.00",".00"
"2015-04-17","106.75","133.00",".00"
"2015-04-20","109.25","133.00",".00"
"2015-04-21","109.25","133.00",".00"
"2015-04-22","106.75","133.00",".00"
"2015-04-23","106.50","133.00",".00"
"2015-04-24","108.00","133.00",".00"
"2015-04-27","106.75","133.00",".00"
"2015-04-28","107.00","138.00",".00"
"2015-04-29","106.50","138.00",".00"
"2015-04-30","106.50","138.00",".00"
"2015-05-01","106.50","138.00",".00"
"2015-05-04","104.50","138.00",".00"
"2015-05-05","106.75","138.00",".00"
"2015-05-06","105.00","138.00",".00"
"2015-05-07","105.50","138.00",".00"
"2015-05-08","107.50","138.00",".00"
"2015-05-11","107.00","138.00",".00"
"2015-05-12","108.00","138.00",".00"
"2015-05-13","106.50","138.00",".00"
"2015-05-14","106.50","138.00",".00"
"2015-05-15","108.00","138.00",".00"
"2015-05-18","109.00","138.00",".00"
"2015-05-19","109.00","138.00",".00"
"2015-05-20","106.50","138.00",".00"
"2015-05-21","105.00","138.00",".00"
"2015-05-22","107.75","138.00",".00"
"2015-05-25","109.00","138.00",".00"
"2015-05-26","108.00","138.00",".00"
"2015-05-27","106.00","138.00",".00"
"2015-05-28","106.25","138.00",".00"
"2015-05-29","108.00","138.00",".00"
"2015-06-01","112.50","138.00",".00"
"2015-06-02","115.00","138.00",".00"
"2015-06-03","119.00","138.00",".00"
"2015-06-04","117.00","138.00",".00"
"2015-06-05","116.50","138.00",".00"
"2015-06-08","116.75","138.00",".00"
"2015-06-09","115.75","138.00",".00"
"2015-06-10","115.25","138.00",".00"
"2015-06-11","114.75","138.00",".00"
"2015-06-12","116.75","138.00",".00"
"2015-06-15","115.00","138.00",".00"
"2015-06-16","112.50","138.00",".00"
"2015-06-17","115.75","138.00",".00"
"2015-06-18","115.00","138.00",".00"
"2015-06-19","115.00","138.00",".00"
"2015-06-22","115.25","138.00",".00"
"2015-06-23","115.25","138.00",".00"
"2015-06-24","114.75","138.00",".00"
"2015-06-25","115.00","138.00",".00"
"2015-06-26","116.50","138.00",".00"
"2015-06-29","112.00","138.00",".00"
"2015-06-30","111.75","138.00",".00"
"2015-07-01","116.75","138.00",".00"
"2015-07-02","116.75","138.00",".00"
"2015-07-03","116.75","138.00",".00"
"2015-07-06","115.00","138.00",".00"
"2015-07-07","116.00","138.00",".00"
"2015-07-08","118.50","138.00",".00"
"2015-07-09","118.00","138.00",".00"
"2015-07-10","117.00","138.00",".00"
"2015-07-13","120.00","138.00",".00"
"2015-07-14","118.00","147.00",".00"
"2015-07-15","114.00","147.00",".00"
"2015-07-16","119.50","147.00",".00"
"2015-07-17","119.50","147.00",".00"
"2015-07-20","120.00","147.00",".00"
"2015-07-21","121.00","147.00",".00"
"2015-07-22","123.50","147.00",".00"
"2015-07-23","121.50","147.00",".00"
"2015-07-24","121.50","147.00",".00"
"2015-07-27","120.00","147.00",".00"
"2015-07-28","119.00","147.00",".00"
"2015-07-29","122.00","147.00",".00"
"2015-07-30","121.00","147.00",".00"
"2015-07-31","121.00","147.00",".00"
"2015-08-03","121.75","147.00",".00"
"2015-08-04","121.25","147.00",".00"
"2015-08-05","118.00","147.00",".00"
"2015-08-06","118.50","147.00",".00"
"2015-08-07","119.25","147.00",".00"
"2015-08-10","118.50","147.00",".00"
"2015-08-11","119.75","147.00",".00"
"2015-08-12","118.50","147.00",".00"
"2015-08-13","119.00","147.00",".00"
"2015-08-14","117.25","147.00",".00"
"2015-08-17","116.50","147.00",".00"
"2015-08-18","118.75","147.00",".00"
"2015-08-19","117.00","147.00",".00"
"2015-08-20","111.75","147.00",".00"
"2015-08-21","111.75","147.00",".00"
"2015-08-24","107.25","147.00",".00"
"2015-08-25","109.00","147.00",".00"
"2015-08-26","109.50","147.00",".00"
"2015-08-27","111.50","147.00",".00"
"2015-08-28","113.25","147.00",".00"
"2015-08-31","111.75","147.00",".00"
"2015-09-01","111.75","147.00",".00"
"2015-09-02","113.25","147.00",".00"
"2015-09-03","116.25","147.00",".00"
"2015-09-04","114.50","147.00",".00"
"2015-09-07","114.50","147.00",".00"
"2015-09-08","114.50","147.00",".00"
"2015-09-09","114.50","147.00",".00"
"2015-09-10","113.50","147.00",".00"
"2015-09-11","114.00","147.00",".00"
"2015-09-14","110.25","147.00",".00"
"2015-09-15","108.25","147.00",".00"
"2015-09-16","107.25","147.00",".00"
"2015-09-17","105.00","147.00",".00"
"2015-09-18","107.75","147.00",".00"
"2015-09-21","107.00","147.00",".00"
"2015-09-22","104.50","147.00",".00"
"2015-09-23","105.00","147.00",".00"
"2015-09-24","103.00","147.00",".00"
"2015-09-25","106.00","147.00",".00"
"2015-09-28","103.75","147.00",".00"
"2015-09-29","104.00","147.00",".00"
"2015-09-30","103.50","147.00",".00"
"2015-10-01","106.25","147.00",".00"
"2015-10-02","106.25","147.00",".00"
"2015-10-05","108.00","147.00",".00"
"2015-10-06","108.00","147.00",".00"
"2015-10-07","108.00","147.00",".00"
"2015-10-08","109.00","147.00",".00"
"2015-10-09","108.00","147.00",".00"
"2015-10-12","110.00","147.00",".00"
"2015-10-13","109.75","147.00",".00"
"2015-10-14","108.25","147.00",".00"
"2015-10-15","110.75","147.00",".00"
"2015-10-16","112.25","147.00",".00"
"2015-10-19","110.50","142.00",".00"
"2015-10-20","111.25","142.00",".00"
"2015-10-21","111.00","142.00",".00"
"2015-10-22","111.25","142.00",".00"
"2015-10-23","113.00","142.00",".00"
"2015-10-26","111.50","142.00",".00"
"2015-10-27","111.50","142.00",".00"
"2015-10-28","108.25","142.00",".00"
"2015-10-29","108.25","142.00",".00"
"2015-10-30","106.50","142.00",".00"
"2015-11-02","107.00","142.00",".00"
"2015-11-03","107.50","142.00",".00"
"2015-11-04","107.50","142.00",".00"
"2015-11-05","107.50","142.00",".00"
"2015-11-06","108.75","142.00",".00"
"2015-11-09","108.25","142.00",".00"
"2015-11-10","108.00","142.00",".00"
"2015-11-11","107.75","142.00",".00"
"2015-11-12","109.50","142.00",".00"
"2015-11-13","110.25","142.00",".00"
"2015-11-16","111.50","142.00",".00"
"2015-11-17","110.00","142.00",".00"
"2015-11-18","111.75","142.00",".00"
"2015-11-19","111.75","142.00",".00"
"2015-11-20","111.25","142.00",".00"
"2015-11-23","111.25","142.00",".00"
"2015-11-24","110.00","142.00",".00"
"2015-11-25","111.25","142.00",".00"
"2015-11-26","113.00","142.00",".00"
"2015-11-27","114.50","142.00",".00"
"2015-11-30","113.00","142.00",".00"
"2015-12-01","113.25","142.00",".00"
"2015-12-02","114.00","142.00",".00"
"2015-12-03","113.00","142.00",".00"
"2015-12-04","112.75","142.00",".00"
"2015-12-07","114.75","142.00",".00"
"2015-12-08","111.50","142.00",".00"
"2015-12-09","111.50","142.00",".00"
"2015-12-10","111.00","142.00",".00"
"2015-12-11","111.00","142.00",".00"
"2015-12-14","109.00","142.00",".00"
"2015-12-15","113.00","142.00",".00"
"2015-12-16","113.00","142.00",".00"
"2015-12-17","113.00","142.00",".00"
"2015-12-18","110.00","142.00",".00"
"2015-12-21","110.00","142.00",".00"
"2015-12-22","110.50","142.00",".00"
"2015-12-23","111.00","142.00",".00"
"2015-12-24","111.00","142.00",".00"
"2015-12-25","111.00","142.00",".00"
"2015-12-28","114.00","142.00",".00"
"2015-12-29","115.00","142.00",".00"
"2015-12-30","114.50","142.00",".00"
"2015-12-31","114.50","142.00",".00"
"2016-01-01","114.50","142.00",".00"
"2016-01-04","111.50","142.00",".00"
"2016-01-05","111.50","142.00",".00"
"2016-01-06","111.50","142.00",".00"
"2016-01-07","109.50","142.00",".00"
"2016-01-08","108.25","142.00",".00"
"2016-01-11","113.00","142.00",".00"
"2016-01-12","112.25","142.00",".00"
"2016-01-13","115.00","142.00",".00"
"2016-01-14","107.75","142.00",".00"
"2016-01-15","108.00","142.00",".00"
"2016-01-18","108.00","142.00",".00"
"2016-01-19","108.50","142.00",".00"
"2016-01-20","107.00","142.00",".00"
"2016-01-21","107.75","142.00",".00"
"2016-01-22","108.00","142.00",".00"
"2016-01-25","109.50","142.00",".00"
"2016-01-26","110.00","142.00",".00"
"2016-01-27","110.00","142.00",".00"
"2016-01-28","110.00","142.00",".00"
"2016-01-29","110.50","142.00",".00"
"2016-02-01","108.25","142.00",".00"
"2016-02-02","108.25","142.00",".00"
"2016-02-03","106.25","142.00",".00"
"2016-02-04","107.00","142.00",".00"
"2016-02-05","107.25","142.00",".00"
"2016-02-08","106.50","142.00",".00"
"2016-02-09","108.00","142.00",".00"
"2016-02-10","107.50","142.00",".00"
"2016-02-11","106.00","142.00",".00"
"2016-02-12","108.00","142.00",".00"
"2016-02-15","110.00","142.00",".00"
"2016-02-16","109.00","142.00",".00"
"2016-02-17","109.25","143.00",".00"
"2016-02-18","114.00","143.00",".00"
"2016-02-19","109.50","143.00",".00"
"2016-02-22","109.50","143.00",".00"
"2016-02-23","108.75","143.00",".00"
"2016-02-24","109.00","143.00",".00"
"2016-02-25","111.00","143.00",".00"
"2016-02-26","112.00","143.00",".00"
"2016-02-29","112.75","143.00",".00"
"2016-03-01","113.00","143.00",".00"
"2016-03-02","116.00","143.00",".00"
"2016-03-03","116.00","143.00",".00"
"2016-03-04","115.00","143.00",".00"
"2016-03-07","113.00","143.00",".00"
"2016-03-08","110.50","143.00",".00"
"2016-03-09","114.00","143.00",".00"
"2016-03-10","113.25","143.00",".00"
"2016-03-11","113.50","143.00",".00"
"2016-03-14","113.25","143.00",".00"
"2016-03-15","113.50","143.00",".00"
"2016-03-16","113.75","143.00",".00"
"2016-03-17","115.00","143.00",".00"
"2016-03-18","115.00","143.00",".00"
"2016-03-21","113.75","143.00",".00"
"2016-03-22","115.00","143.00",".00"
"2016-03-23","115.00","143.00",".00"
"2016-03-24","114.75","143.00",".00"
"2016-03-25","114.75","143.00",".00"
"2016-03-28","114.75","143.00",".00"
"2016-03-29","114.00","143.00",".00"
"2016-03-30","115.00","143.00",".00"
"2016-03-31","115.00","143.00",".00"
"2016-04-01","115.00","143.00",".00"
"2016-04-04","114.25","143.00",".00"
"2016-04-05","113.75","143.00",".00"
"2016-04-06","112.00","143.00",".00"
"2016-04-07","112.50","143.00",".00"
"2016-04-08","115.00","143.00",".00"
"2016-04-11","115.50","143.00",".00"
"2016-04-12","115.50","143.00",".00"
"2016-04-13","115.50","143.00",".00"
"2016-04-14","113.00","143.00",".00"
"2016-04-15","114.75","143.00",".00"
"2016-04-18","115.75","143.00",".00"
"2016-04-19","113.00","143.00",".00"
"2016-04-20","112.00","143.00",".00"
"2016-04-21","111.50","143.00",".00"
"2016-04-22","111.75","143.00",".00"
"2016-04-25","114.25","143.00",".00"
"2016-04-26","114.25","143.00",".00"
"2016-04-27","114.25","143.00",".00"
"2016-04-28","114.25","143.00",".00"
"2016-04-29","114.00","143.00",".00"
"2016-05-02","111.25","143.00",".00"
"2016-05-03","113.50","143.00",".00"
"2016-05-04","114.25","143.00",".00"
"2016-05-05","114.25","143.00",".00"
"2016-05-06","111.25","143.00",".00"
"2016-05-09","113.75","143.00",".00"
"2016-05-10","114.50","146.00",".00"
"2016-05-11","113.00","146.00",".00"
"2016-05-12","112.00","146.00",".00"
"2016-05-13","112.75","146.00",".00"
"2016-05-16","113.00","146.00",".00"
"2016-05-17","113.00","146.00",".00"
"2016-05-18","113.50","146.00",".00"
"2016-05-19","113.50","146.00",".00"
"2016-05-20","113.50","146.00",".00"
"2016-05-23","123.25","146.00",".00"
"2016-05-24","124.50","146.00",".00"
"2016-05-25","124.50","146.00",".00"
"2016-05-26","127.50","146.00",".00"
"2016-05-27","127.50","146.00",".00"
"2016-05-30","123.50","146.00",".00"
"2016-05-31","121.25","146.00",".00"
"2016-06-01","126.25","146.00",".00"
"2016-06-02","128.00","146.00",".00"
"2016-06-03","125.50","146.00",".00"
"2016-06-06","125.50","146.00",".00"
"2016-06-07","122.25","146.00",".00"
"2016-06-08","124.50","146.00",".00"
"2016-06-09","125.00","146.00",".00"
"2016-06-10","123.00","146.00",".00"
"2016-06-13","121.75","146.00",".00"
"2016-06-14","121.75","146.00",".00"
"2016-06-15","122.00","146.00",".00"
"2016-06-16","120.75","146.00",".00"
"2016-06-17","121.50","146.00",".00"
"2016-06-20","121.50","146.00",".00"
"2016-06-21","119.50","146.00",".00"
"2016-06-22","118.25","146.00",".00"
"2016-06-23","120.00","146.00",".00"
"2016-06-24","120.00","146.00",".00"
"2016-06-27","117.00","146.00",".00"
"2016-06-28","125.50","146.00",".00"
"2016-06-29","126.25","146.00",".00"
"2016-06-30","129.00","146.00",".00"
"2016-07-01","126.00","146.00",".00"
"2016-07-04","128.00","146.00",".00"
"2016-07-05","128.00","146.00",".00"
"2016-07-06","128.00","146.00",".00"
"2016-07-07","128.50","146.00",".00"
"2016-07-08","129.50","146.00",".00"
"2016-07-11","133.00","146.00",".00"
"2016-07-12","133.50","146.00",".00"
"2016-07-13","132.50","146.00",".00"
"2016-07-14","132.50","146.00",".00"
"2016-07-15","133.00","143.00",".00"
"2016-07-18","134.50","143.00",".00"
"2016-07-19","130.00","143.00",".00"
"2016-07-20","134.00","143.00",".00"
"2016-07-21","134.00","143.00",".00"
"2016-07-22","134.25","143.00",".00"
"2016-07-25","134.75","143.00",".00"
"2016-07-26","133.00","143.00",".00"
"2016-07-27","132.00","143.00",".00"
"2016-07-28","132.00","143.00",".00"
"2016-07-29","132.00","143.00",".00"
"2016-08-01","135.50","143.00",".00"
"2016-08-02","134.00","143.00",".00"
"2016-08-03","134.50","143.00",".00"
"2016-08-04","137.50","143.00",".00"
"2016-08-05","136.50","143.00",".00"
"2016-08-08","137.50","143.00",".00"
"2016-08-09","138.00","143.00",".00"
"2016-08-10","140.25","143.00",".00"
"2016-08-11","144.50","143.00",".00"
"2016-08-12","143.50","143.00",".00"
"2016-08-15","146.50","143.00",".00"
"2016-08-16","147.00","143.00",".00"
"2016-08-17","147.75","143.00",".00"
"2016-08-18","152.00","143.00",".00"
"2016-08-19","154.00","143.00",".00"
"2016-08-22","157.50","143.00",".00"
"2016-08-23","152.00","143.00",".00"
"2016-08-24","152.00","143.00",".00"
"2016-08-25","154.00","143.00",".00"
"2016-08-26","159.00","143.00",".00"
"2016-08-29","157.00","143.00",".00"
"2016-08-30","150.00","143.00",".00"
"2016-08-31","157.00","143.00",".00"
"2016-09-01","153.50","143.00",".00"
"2016-09-02","157.00","143.00",".00"
"2016-09-05","153.00","143.00",".00"
"2016-09-06","155.00","143.00",".00"
"2016-09-07","152.00","143.00",".00"
"2016-09-08","152.00","143.00",".00"
"2016-09-09","156.00","143.00",".00"
"2016-09-12","156.00","143.00",".00"
"2016-09-13","158.00","143.00",".00"
"2016-09-14","157.00","143.00",".00"
"2016-09-15","159.00","143.00",".00"
"2016-09-16","156.50","143.00",".00"
"2016-09-19","150.50","143.00",".00"
"2016-09-20","151.00","143.00",".00"
"2016-09-21","152.00","143.00",".00"
"2016-09-22","154.50","143.00",".00"
"2016-09-23","155.00","143.00",".00"
"2016-09-26","155.00","143.00",".00"
"2016-09-27","156.00","143.00",".00"
"2016-09-28","154.00","143.00",".00"
"2016-09-29","152.00","143.00",".00"
"2016-09-30","152.00","143.00",".00"
"2016-10-03","153.00","143.00",".00"
"2016-10-04","153.00","143.00",".00"
"2016-10-05","157.50","143.00",".00"
"2016-10-06","157.00","143.00",".00"
"2016-10-07","154.50","143.00",".00"
"2016-10-10","157.00","143.00",".00"
"2016-10-11","157.00","143.00",".00"
"2016-10-12","156.50","143.00",".00"
"2016-10-13","157.00","143.00",".00"
"2016-10-14","158.00","143.00",".00"
"2016-10-17","153.50","143.00",".00"
"2016-10-18","162.50","159.00",".00"
"2016-10-19","160.00","159.00",".00"
"2016-10-20","154.00","159.00",".00"
"2016-10-21","151.00","159.00",".00"
"2016-10-24","158.00","159.00",".00"
"2016-10-25","154.50","159.00",".00"
"2016-10-26","159.00","159.00",".00"
"2016-10-27","154.00","159.00",".00"
"2016-10-28","155.00","159.00",".00"
"2016-10-31","155.50","159.00",".00"
"2016-11-01","153.00","159.00",".00"
"2016-11-02","152.00","159.00",".00"
"2016-11-03","150.00","159.00",".00"
"2016-11-04","150.00","159.00",".00"
"2016-11-07","145.00","159.00",".00"
"2016-11-08","145.25","159.00",".00"
"2016-11-09","147.00","159.00",".00"
"2016-11-10","147.00","159.00",".00"
"2016-11-11","148.00","159.00",".00"
"2016-11-14","148.00","159.00",".00"
"2016-11-15","146.50","159.00",".00"
"2016-11-16","148.00","159.00",".00"
"2016-11-17","146.00","159.00",".00"
"2016-11-18","146.75","159.00",".00"
"2016-11-21","147.00","159.00",".00"
"2016-11-22","145.75","159.00",".00"
"2016-11-23","143.50","159.00",".00"
"2016-11-24","142.00","159.00",".00"
"2016-11-25","141.00","159.00",".00"
"2016-11-28","143.00","159.00","161.37"
"2016-11-29","144.75","159.00","161.61"
"2016-11-30","147.00","159.00","161.52"
"2016-12-01","147.00","159.00","161.30"
"2016-12-02","147.75","159.00","160.99"
"2016-12-05","148.00","159.00","161.45"
"2016-12-06","147.75","159.00","160.55"
"2016-12-07","145.00","159.00","160.80"
"2016-12-08","144.75","159.00","161.79"
"2016-12-09","143.50","159.00","162.07"
"2016-12-12","144.25","159.00","162.31"
"2016-12-13","143.50","159.00","162.22"
"2016-12-14","144.00","159.00","161.98"
"2016-12-15","141.75","159.00","162.50"
"2016-12-16","146.50","159.00","162.87"
"2016-12-19","146.50","159.00","162.57"
"2016-12-20","146.00","159.00","162.57"
"2016-12-21","146.25","159.00","162.70"
"2016-12-22","146.25","159.00","162.47"
"2016-12-23","145.25","159.00","162.80"
"2016-12-26","145.25","159.00","162.80"
"2016-12-27","146.50","159.00","162.61"
"2016-12-28","147.25","159.00","163.49"
"2016-12-29","147.00","159.00","163.74"
"2016-12-30","145.50","159.00","163.74"
"2017-01-02","147.50","159.00","164.00"
"2017-01-03","158.00","159.00","164.54"
"2017-01-04","157.00","159.00","164.48"
"2017-01-05","156.00","159.00","165.10"
"2017-01-06","156.00","159.00","165.10"
"2017-01-09","159.50","159.00","164.71"
"2017-01-10","162.00","159.00","164.50"
"2017-01-11","157.00","159.00","165.46"
"2017-01-12","161.00","159.00","166.17"
"2017-01-13","163.50","159.00","168.22"
"2017-01-16","164.00","159.00","169.72"
"2017-01-17","169.50","159.00","170.76"
"2017-01-18","175.50","159.00","171.65"
"2017-01-19","182.00","159.00","172.56"
"2017-01-20","183.00","159.00","171.92"
"2017-01-23","180.00","159.00","172.43"
"2017-01-24","181.00","159.00","171.93"
"2017-01-25","186.50","159.00","171.96"
"2017-01-26","190.00","159.00","173.14"
"2017-01-27","192.50","159.00","171.68"
"2017-01-30","183.50","159.00","171.19"
"2017-01-31","180.00","159.00","171.16"
"2017-02-01","178.50","159.00","171.64"
"2017-02-02","190.00","159.00","171.57"
"2017-02-03","184.00","159.00","170.62"
"2017-02-06","185.00","159.00","170.42"
"2017-02-07","186.00","159.00","170.10"
"2017-02-08","187.00","159.00","169.84"
"2017-02-09","183.50","159.00","170.03"
"2017-02-10","181.00","159.00","170.70"
"2017-02-13","184.50","159.00","171.26"
"2017-02-14","186.00","159.00","169.52"
"2017-02-15","188.00","168.00","172.33"
"2017-02-16","189.50","168.00","172.21"
"2017-02-17","189.00","168.00","173.43"
"2017-02-20","186.00","168.00","174.44"
"2017-02-21","189.00","168.00","175.63"
"2017-02-22","189.00","168.00","175.61"
"2017-02-23","187.00","168.00","175.01"
"2017-02-24","192.00","168.00","175.31"
"2017-02-27","190.50","168.00","175.37"
"2017-02-28","184.50","168.00","175.68"
"2017-03-01","183.00","168.00","176.21"
"2017-03-02","184.00","168.00","176.41"
"2017-03-03","180.50","168.00","175.93"
"2017-03-06","176.50","168.00","175.06"
"2017-03-07","173.00","168.00","175.16"
"2017-03-08","168.50","168.00","174.46"
"2017-03-09","164.00","168.00","173.71"
"2017-03-10","167.50","168.00","174.08"
"2017-03-13","170.00","168.00","175.23"
"2017-03-14","171.50","168.00","175.56"
"2017-03-15","171.00","168.00","175.94"
"2017-03-16","170.00","168.00","175.73"
"2017-03-17","172.00","168.00","176.04"
"2017-03-20","168.50","168.00","175.49"
"2017-03-21","170.00","168.00","174.70"
"2017-03-22","171.50","168.00","174.70"
"2017-03-23","171.50","168.00","175.68"
"2017-03-24","172.00","168.00","175.18"
"2017-03-27","171.50","168.00","174.08"
"2017-03-28","172.00","168.00","174.70"
"2017-03-29","171.00","168.00","175.73"
"2017-03-30","172.00","168.00","175.98"
"2017-03-31","172.00","168.00","176.21"
"2017-04-03","168.50","168.00","176.30"
"2017-04-04","168.00","168.00","176.05"
"2017-04-05","168.00","168.00","176.33"
"2017-04-06","169.50","168.00","176.50"
"2017-04-07","172.50","168.00","176.84"
"2017-04-10","175.00","168.00","177.74"
"2017-04-11","178.00","168.00","177.97"
"2017-04-12","182.00","168.00","178.43"
"2017-04-13","184.00","168.00","178.97"
"2017-04-14","184.00","168.00","178.97"
"2017-04-17","184.00","168.00","178.97"
"2017-04-18","189.00","168.00","179.28"
"2017-04-19","189.00","168.00","179.53"
"2017-04-20","183.00","168.00","180.72"
"2017-04-21","184.50","168.00","181.89"
"2017-04-24","184.00","168.00","181.67"
"2017-04-25","188.00","168.00","182.05"
"2017-04-26","188.50","168.00","182.51"
"2017-04-27","187.00","168.00","183.90"
"2017-04-28","179.50","168.00","183.85"
"2017-05-01","179.50","168.00","183.85"
"2017-05-02","177.00","168.00","183.40"
"2017-05-03","179.50","168.00","188.44"
"2017-05-04","188.00","179.00","190.81"
"2017-05-05","188.00","179.00","188.80"
"2017-05-08","188.00","179.00","188.84"
"2017-05-09","184.00","179.00","188.67"
"2017-05-10","186.00","179.00","190.72"
"2017-05-11","184.50","179.00","190.66"
"2017-05-12","184.50","179.00","190.17"
"2017-05-15","180.00","179.00","191.60"
"2017-05-16","179.50","179.00","191.60"
"2017-05-17","175.50","179.00","189.60"
"2017-05-18","173.00","179.00","189.02"
"2017-05-19","179.00","179.00","189.17"
"2017-05-22","177.50","179.00","189.15"
"2017-05-23","174.50","179.00","188.59"
"2017-05-24","174.50","179.00","189.18"
"2017-05-25","174.50","179.00","189.18"
"2017-05-26","177.00","179.00","189.07"
"2017-05-29","175.00","179.00","190.21"
"2017-05-30","175.50","179.00","189.89"
"2017-05-31","176.00","179.00","190.11"
"2017-06-01","183.00","179.00","190.93"
"2017-06-02","180.00","179.00","191.19"
"2017-06-05","180.50","179.00","191.27"
"2017-06-06","180.50","179.00","191.27"
"2017-06-07","180.00","179.00","192.54"
"2017-06-08","175.00","179.00","193.76"
"2017-06-09","175.50","179.00","194.45"
"2017-06-12","190.00","179.00","194.88"
"2017-06-13","200.00","179.00","194.17"
"2017-06-14","204.00","179.00","193.53"
"2017-06-15","203.00","179.00","192.32"
"2017-06-16","205.50","179.00","192.56"
"2017-06-19","214.50","179.00","193.19"
"2017-06-20","219.00","179.00","192.89"
"2017-06-21","219.00","179.00","193.72"
"2017-06-22","232.00","179.00","194.47"
"2017-06-23","232.00","179.00","194.47"
"2017-06-26","225.00","179.00","193.75"
"2017-06-27","225.50","179.00","193.20"
"2017-06-28","227.00","179.00","193.23"
"2017-06-29","214.00","179.00","193.10"
"2017-06-30","212.00","179.00","193.25"
"2017-07-03","201.50","179.00","192.74"
"2017-07-04","199.00","179.00","192.16"
"2017-07-05","202.00","179.00","192.74"
"2017-07-06","204.50","179.00","192.01"
"2017-07-07","210.00","179.00","192.80"
"2017-07-10","208.50","179.00","193.02"
"2017-07-11","206.50","179.00","192.17"
"2017-07-12","207.00","179.00","193.06"
"2017-07-13","200.00","179.00","193.45"
"2017-07-14","202.00","195.00","195.77"
"2017-07-17","208.00","195.00","195.06"
"2017-07-18","205.00","195.00","193.45"
"2017-07-19","195.00","195.00","193.38"
"2017-07-20","191.50","195.00","190.75"
"2017-07-21","188.50","195.00","191.10"
"2017-07-24","188.00","195.00","190.83"
"2017-07-25","183.50","195.00","191.31"
"2017-07-26","186.00","195.00","192.31"
"2017-07-27","186.00","195.00","192.11"
"2017-07-28","186.00","195.00","191.47"
"2017-07-31","187.00","195.00","191.25"
"2017-08-01","203.00","195.00","193.24"
"2017-08-02","200.00","195.00","194.18"
"2017-08-03","200.00","195.00","194.72"
"2017-08-04","197.00","195.00","195.12"
"2017-08-07","194.00","195.00","194.58"
"2017-08-08","199.50","195.00","195.40"
"2017-08-09","198.50","195.00","195.20"
"2017-08-10","196.50","195.00","193.99"
"2017-08-11","191.50","195.00","193.23"
"2017-08-14","192.00","195.00","193.86"
"2017-08-15","193.00","195.00","193.16"
"2017-08-16","194.00","195.00","193.76"
"2017-08-17","190.00","195.00","194.06"
"2017-08-18","192.00","195.00","194.79"
"2017-08-21","194.00","195.00","190.56"
"2017-08-22","195.00","195.00","190.86"
"2017-08-23","194.00","195.00","189.55"
"2017-08-24","195.00","195.00","188.46"
"2017-08-25","196.00","195.00","188.25"
"2017-08-28","193.00","195.00","187.96"
"2017-08-29","191.00","195.00","186.02"
"2017-08-30","193.00","195.00","186.92"
"2017-08-31","193.50","195.00","188.20"
"2017-09-01","195.50","195.00","188.89"
"2017-09-04","198.00","195.00","188.16"
"2017-09-05","198.00","195.00","187.74"
"2017-09-06","190.00","195.00","188.39"
"2017-09-07","194.00","195.00","189.29"
"2017-09-08","191.50","195.00","189.65"
"2017-09-11","192.00","195.00","190.55"
"2017-09-12","194.00","195.00","189.91"
"2017-09-13","189.50","195.00","190.16"
"2017-09-14","189.00","195.00","190.78"
"2017-09-15","191.00","195.00","190.97"
"2017-09-18","191.00","195.00","190.90"
"2017-09-19","189.50","195.00","191.06"
"2017-09-20","189.50","195.00","192.27"
"2017-09-21","194.50","195.00","193.47"
"2017-09-22","196.50","195.00","193.04"
"2017-09-25","201.50","195.00","192.92"
"2017-09-26","202.00","195.00","192.78"
"2017-09-27","204.00","195.00","193.83"
"2017-09-28","204.50","195.00","193.47"
"2017-09-29","202.00","195.00","194.18"
"2017-10-02","198.00","195.00","193.98"
"2017-10-03","196.00","195.00","193.95"
"2017-10-04","196.00","195.00","193.97"
"2017-10-05","192.00","195.00","193.89"
"2017-10-06","194.00","195.00","193.99"
"2017-10-09","191.00","195.00","193.22"
"2017-10-10","191.00","195.00","193.18"
"2017-10-11","195.00","195.00","192.42"
"2017-10-12","193.00","195.00","193.09"
"2017-10-13","198.00","195.00","193.63"
"2017-10-16","194.50","195.00","194.19"
"2017-10-17","194.00","195.00","192.25"
"2017-10-18","194.50","196.00","193.85"
"2017-10-19","194.00","196.00","192.96"
"2017-10-20","194.00","196.00","193.91"
"2017-10-23","188.00","196.00","194.27"
"2017-10-24","192.00","196.00","193.40"
"2017-10-25","190.00","196.00","192.90"
"2017-10-26","192.00","196.00","193.19"
"2017-10-27","194.50","196.00","192.89"
"2017-10-30","199.00","196.00","193.66"
"2017-10-31","193.00","196.00","193.08"
"2017-11-01","192.00","196.00","194.51"
"2017-11-02","192.50","196.00","194.52"
"2017-11-03","188.50","196.00","194.25"
"2017-11-06","187.00","196.00","193.78"
"2017-11-07","191.50","196.00","192.43"
"2017-11-08","183.00","196.00","191.74"
"2017-11-09","183.50","196.00","189.59"
"2017-11-10","185.50","196.00","191.52"
"2017-11-13","180.50","196.00","190.35"
"2017-11-14","183.50","196.00","189.16"
"2017-11-15","181.00","196.00","188.92"
"2017-11-16","187.50","196.00","190.26"
"2017-11-17","187.50","196.00","190.12"
"2017-11-20","184.00","196.00","189.90"
"2017-11-21","181.50","196.00","189.72"
"2017-11-22","187.50","196.00","189.57"
"2017-11-23","191.50","196.00","188.84"
"2017-11-24","193.50","196.00","189.28"
"2017-11-27","194.50","196.00","189.57"
"2017-11-28","195.50","196.00","190.13"
"2017-11-29","196.00","196.00","190.22"
"2017-11-30","189.50","196.00","190.13"
"2017-12-01","191.00","196.00","190.48"
"2017-12-04","187.50","196.00","189.47"
"2017-12-05","187.50","196.00","189.19"
"2017-12-06","184.00","196.00","188.83"
"2017-12-07","185.50","196.00","188.18"
"2017-12-08","185.00","196.00","188.65"
"2017-12-11","185.00","196.00","186.93"
"2017-12-12","183.00","196.00","187.39"
"2017-12-13","188.00","196.00","187.22"
"2017-12-14","185.00","196.00","187.95"
"2017-12-15","182.00","196.00","187.45"
"2017-12-18","177.50","196.00","187.18"
"2017-12-19","180.00","196.00","187.34"
"2017-12-20","175.00","196.00","187.38"
"2017-12-21","174.00","196.00","187.89"
"2017-12-22","177.00","196.00","187.52"
"2017-12-25","177.00","196.00","187.52"
"2017-12-26","177.00","196.00","187.52"
"2017-12-27","175.50","196.00","187.14"
"2017-12-28","177.00","196.00","187.44"
"2017-12-29","175.00","196.00","187.90"
"2018-01-01","175.00","196.00","187.90"
"2018-01-02","176.00","196.00","188.89"
"2018-01-03","174.50","196.00","189.82"
"2018-01-04","177.50","196.00","191.09"
"2018-01-05","180.00","196.00","191.88"
"2018-01-08","180.50","196.00","192.55"
"2018-01-09","181.50","196.00","193.11"
"2018-01-10","184.00","196.00","192.85"
"2018-01-11","186.50","196.00","192.86"
"2018-01-12","190.00","196.00","192.95"
"2018-01-15","186.00","196.00","193.24"
"2018-01-16","189.50","196.00","192.88"
"2018-01-17","184.00","196.00","192.35"
"2018-01-18","180.00","196.00","192.22"
"2018-01-19","184.00","196.00","192.63"
"2018-01-22","184.00","196.00","192.97"
"2018-01-23","183.00","196.00","192.18"
"2018-01-24","184.00","196.00","192.65"
"2018-01-25","184.00","196.00","192.33"
"2018-01-26","186.00","196.00","192.76"
"2018-01-29","186.00","196.00","193.54"
"2018-01-30","184.00","196.00","192.86"
"2018-01-31","186.00","196.00","192.15"
"2018-02-01","183.50","196.00","190.95"
"2018-02-02","183.50","196.00","190.35"
"2018-02-05","175.50","196.00","188.03"
"2018-02-06","175.50","196.00","186.60"
"2018-02-07","180.00","196.00","188.68"
"2018-02-08","178.50","196.00","188.81"
"2018-02-09","177.50","196.00","188.73"
"2018-02-12","181.50","196.00","189.90"
"2018-02-13","183.00","186.00","189.67"
"2018-02-14","180.00","186.00","187.82"
"2018-02-15","178.00","186.00","187.24"
"2018-02-16","178.00","186.00","188.71"
"2018-02-19","177.50","186.00","188.23"
"2018-02-20","177.00","186.00","189.25"
"2018-02-21","175.50","186.00","189.50"
"2018-02-22","178.50","186.00","189.46"
"2018-02-23","174.00","186.00","189.60"
"2018-02-26","172.00","186.00","189.55"
"2018-02-27","173.50","186.00","189.38"
"2018-02-28","173.00","186.00","188.55"
"2018-03-01","170.00","186.00","188.07"
"2018-03-02","168.00","186.00","187.66"
"2018-03-05","168.00","186.00","188.48"
"2018-03-06","168.50","186.00","188.77"
"2018-03-07","164.50","186.00","188.53"
"2018-03-08","166.50","186.00","188.95"
"2018-03-09","167.00","186.00","188.67"
"2018-03-12","168.00","186.00","189.07"
"2018-03-13","166.00","186.00","188.96"
"2018-03-14","167.50","186.00","188.84"
"2018-03-15","169.00","186.00","188.65"
"2018-03-16","167.50","186.00","188.83"
"2018-03-19","163.50","186.00","188.54"
"2018-03-20","162.00","186.00","188.97"
"2018-03-21","161.50","186.00","188.65"
"2018-03-22","161.00","186.00","187.66"
"2018-03-23","164.50","186.00","187.44"
"2018-03-26","162.00","186.00","187.32"
"2018-03-27","161.50","186.00","187.84"
"2018-03-28","160.00","186.00","187.56"
"2018-03-29","160.00","186.00","187.95"
"2018-03-30","160.00","186.00","187.95"
"2018-04-02","160.00","186.00","187.95"
"2018-04-03","162.50","186.00","187.70"
"2018-04-04","159.50","186.00","187.27"
"2018-04-05","161.00","186.00","188.14"
"2018-04-06","162.00","186.00","187.91"
"2018-04-09","161.50","186.00","187.76"
"2018-04-10","163.50","186.00","187.64"
"2018-04-11","163.00","186.00","187.38"
"2018-04-12","166.50","186.00","187.83"
"2018-04-13","167.00","186.00","187.71"
"2018-04-16","167.00","186.00","187.45"
"2018-04-17","167.00","186.00","188.20"
"2018-04-18","168.00","186.00","188.67"
"2018-04-19","167.50","186.00","189.51"
"2018-04-20","167.50","186.00","189.60"
"2018-04-23","164.50","186.00","189.63"
"2018-04-24","161.50","186.00","190.04"
"2018-04-25","156.50","186.00","190.14"
"2018-04-26","161.00","186.00","191.30"
"2018-04-27","159.00","186.00","192.09"
"2018-04-30","165.50","186.00","192.59"
"2018-05-01","165.50","186.00","192.59"
"2018-05-02","161.50","186.00","192.79"
"2018-05-03","163.50","186.00","193.71"
"2018-05-04","164.50","186.00","194.41"
"2018-05-07","164.00","186.00","194.21"
"2018-05-08","164.50","188.00","193.30"
"2018-05-09","162.00","188.00","190.96"
"2018-05-10","162.00","188.00","190.96"
"2018-05-11","164.00","188.00","190.65"
"2018-05-14","160.50","188.00","190.94"
"2018-05-15","162.00","188.00","190.03"
"2018-05-16","157.50","188.00","190.08"
"2018-05-17","158.00","188.00","190.58"
"2018-05-18","157.50","188.00","190.83"
"2018-05-21","157.50","188.00","190.23"
"2018-05-22","156.00","188.00","190.17"
"2018-05-23","156.50","188.00","190.35"
"2018-05-24","155.50","188.00","191.13"
"2018-05-25","156.50","188.00","191.27"
"2018-05-28","158.00","188.00","191.68"
"2018-05-29","155.00","188.00","192.17"
"2018-05-30","158.50","188.00","190.81"
"2018-05-31","159.00","188.00","194.21"
"2018-06-01","156.50","188.00","192.57"
"2018-06-04","159.50","188.00","191.60"
"2018-06-05","159.00","188.00","191.84"
"2018-06-06","159.00","188.00","191.84"
"2018-06-07","157.00","188.00","191.86"
"2018-06-08","158.00","188.00","191.14"
"2018-06-11","159.00","188.00","190.65"
"2018-06-12","158.50","188.00","191.24"
"2018-06-13","157.00","188.00","190.24"
"2018-06-14","157.00","188.00","190.62"
"2018-06-15","158.00","188.00","191.65"
"2018-06-18","157.50","188.00","190.94"
"2018-06-19","158.50","188.00","191.06"
"2018-06-20","157.50","188.00","190.48"
"2018-06-21","156.00","188.00","190.59"
"2018-06-22","156.00","188.00","190.59"
"2018-06-25","158.00","188.00","190.10"
"2018-06-26","156.50","188.00","189.01"
"2018-06-27","156.00","188.00","189.42"
"2018-06-28","158.00","188.00","189.51"
"2018-06-29","158.50","188.00","190.19"
"2018-07-02","157.00","188.00","189.92"
"2018-07-03","162.50","188.00","191.33"
"2018-07-04","160.00","188.00","190.08"
"2018-07-05","157.50","188.00","190.01"
"2018-07-06","156.50","188.00","190.30"
"2018-07-09","157.00","188.00","192.31"
"2018-07-10","157.50","188.00","191.60"
"2018-07-11","156.00","188.00","191.44"
"2018-07-12","158.50","188.00","191.84"
"2018-07-13","161.50","193.00","195.31"
"2018-07-16","164.00","193.00","196.72"
"2018-07-17","162.00","193.00","196.75"
"2018-07-18","162.50","193.00","197.23"
"2018-07-19","164.00","193.00","196.50"
"2018-07-20","164.00","193.00","196.37"
"2018-07-23","161.50","193.00","195.56"
"2018-07-24","163.50","193.00","196.10"
"2018-07-25","163.50","193.00","197.20"
"2018-07-26","162.50","193.00","196.81"
"2018-07-27","165.50","193.00","196.82"
"2018-07-30","167.00","193.00","197.00"
"2018-07-31","166.50","193.00","195.81"
"2018-08-01","167.00","193.00","197.08"
"2018-08-02","167.50","193.00","196.76"
"2018-08-03","169.00","193.00","196.37"
"2018-08-06","167.50","193.00","196.86"
"2018-08-07","164.50","193.00","197.35"
"2018-08-08","164.00","193.00","198.99"
"2018-08-09","166.00","193.00","200.21"
"2018-08-10","164.00","193.00","199.37"
"2018-08-13","162.50","193.00","199.24"
"2018-08-14","164.00","193.00","198.56"
"2018-08-15","165.50","193.00","197.60"
"2018-08-16","164.50","193.00","196.66"
"2018-08-17","164.00","193.00","197.91"
"2018-08-20","164.00","193.00","198.66"
"2018-08-21","162.00","193.00","198.72"
"2018-08-22","162.50","193.00","198.19"
"2018-08-23","162.50","193.00","197.56"
"2018-08-24","163.00","193.00","197.60"
"2018-08-27","166.00","193.00","198.81"
"2018-08-28","166.00","193.00","200.24"
"2018-08-29","175.50","193.00","199.56"
"2018-08-30","175.00","193.00","198.84"
"2018-08-31","173.00","193.00","198.45"
"2018-09-03","175.00","193.00","198.26"
"2018-09-04","174.50","193.00","198.03"
"2018-09-05","175.50","193.00","197.58"
"2018-09-06","175.00","193.00","197.31"
"2018-09-07","171.50","193.00","197.48"
"2018-09-10","174.50","193.00","198.32"
"2018-09-11","176.00","193.00","198.08"
"2018-09-12","177.50","193.00","197.89"
"2018-09-13","176.00","193.00","198.02"
"2018-09-14","175.00","193.00","198.62"
"2018-09-17","179.00","193.00","198.89"
"2018-09-18","176.50","193.00","199.05"
"2018-09-19","180.00","193.00","198.88"
"2018-09-20","179.50","193.00","199.47"
"2018-09-21","180.50","193.00","199.84"
"2018-09-24","177.00","193.00","199.81"
"2018-09-25","174.50","193.00","199.74"
"2018-09-26","177.50","193.00","200.74"
"2018-09-27","175.50","193.00","200.00"
"2018-09-28","177.50","193.00","200.14"
"2018-10-01","173.00","193.00","200.78"
"2018-10-02","177.50","193.00","200.86"
"2018-10-03","174.50","193.00","202.09"
"2018-10-04","172.50","193.00","201.76"
"2018-10-05","168.00","193.00","201.04"
"2018-10-08","167.50","193.00","199.45"
"2018-10-09","166.50","193.00","199.41"
"2018-10-10","170.00","193.00","198.23"
"2018-10-11","165.00","193.00","195.10"
"2018-10-12","166.50","193.00","195.47"
"2018-10-15","167.00","193.00","195.76"
"2018-10-16","167.00","193.00","196.63"
"2018-10-17","174.50","203.00","201.32"
"2018-10-18","172.50","203.00","201.50"
"2018-10-19","171.50","203.00","200.65"
"2018-10-22","172.00","203.00","200.10"
"2018-10-23","169.50","203.00","197.17"
"2018-10-24","168.00","203.00","197.66"
"2018-10-25","165.00","203.00","192.68"
"2018-10-26","169.50","203.00","192.68"
"2018-10-29","170.00","203.00","192.64"
"2018-10-30","169.50","203.00","191.95"
"2018-10-31","167.50","203.00","192.79"
"2018-11-01","170.00","203.00","192.36"
"2018-11-02","170.00","203.00","193.18"
"2018-11-05","170.00","203.00","192.91"
"2018-11-06","170.00","203.00","193.19"
"2018-11-07","165.00","203.00","194.29"
"2018-11-08","164.50","203.00","193.21"
"2018-11-09","164.00","203.00","192.19"
"2018-11-12","162.50","203.00","191.46"
"2018-11-13","163.00","203.00","190.11"
"2018-11-14","160.00","203.00","188.86"
"2018-11-15","156.00","203.00","188.06"
"2018-11-16","159.00","203.00","188.36"
"2018-11-19","158.50","203.00","188.43"
"2018-11-20","155.00","203.00","186.30"
"2018-11-21","153.50","203.00","187.13"
"2018-11-22","155.50","203.00","186.78"
"2018-11-23","161.00","203.00","186.73"
"2018-11-26","159.50","203.00","186.83"
"2018-11-27","161.00","203.00","187.02"
"2018-11-28","160.50","203.00","187.25"
"2018-11-29","163.50","203.00","187.90"
"2018-11-30","164.00","203.00","188.18"
"2018-12-03","169.00","203.00","188.94"
"2018-12-04","167.50","203.00","188.12"
"2018-12-05","167.00","203.00","187.29"
"2018-12-06","162.00","203.00","186.04"
"2018-12-07","167.00","203.00","186.40"
"2018-12-10","168.00","203.00","186.03"
"2018-12-11","170.00","203.00","186.21"
"2018-12-12","171.00","203.00","186.39"
"2018-12-13","170.00","203.00","186.17"
"2018-12-14","173.00","203.00","186.78"
"2018-12-17","169.00","203.00","185.61"
"2018-12-18","165.50","203.00","185.40"
"2018-12-19","170.00","203.00","186.20"
"2018-12-20","162.50","203.00","185.47"
"2018-12-21","166.00","203.00","186.19"
"2018-12-24","166.00","203.00","186.19"
"2018-12-25","166.00","203.00","186.21"
"2018-12-26","166.00","203.00","186.22"
"2018-12-27","168.00","203.00","184.98"
"2018-12-28","165.00","203.00","185.24"
"2018-12-31","165.00","203.00","185.24"
"2019-01-01","165.00","203.00","185.23"
"2019-01-02","170.50","203.00","186.60"
"2019-01-03","172.00","203.00","187.43"
"2019-01-04","175.50","203.00","188.09"
"2019-01-07","178.50","203.00","188.16"
"2019-01-08","178.00","203.00","188.34"
"2019-01-09","181.00","203.00","188.54"
"2019-01-10","182.00","203.00","188.66"
"2019-01-11","181.00","203.00","187.90"
"2019-01-14","180.50","203.00","188.12"
"2019-01-15","183.00","203.00","187.85"
"2019-01-16","182.00","203.00","187.84"
"2019-01-17","184.00","203.00","187.65"
"2019-01-18","188.00","203.00","188.43"
"2019-01-21","186.00","203.00","189.09"
"2019-01-22","186.00","203.00","188.20"
"2019-01-23","188.50","203.00","188.27"
"2019-01-24","189.00","203.00","188.37"
"2019-01-25","186.00","203.00","188.93"
"2019-01-28","188.00","203.00","188.68"
"2019-01-29","184.50","203.00","189.04"
"2019-01-30","190.50","203.00","188.85"
"2019-01-31","188.00","203.00","189.14"
"2019-02-01","187.00","203.00","189.05"
"2019-02-04","190.00","203.00","190.00"
"2019-02-05","189.50","203.00","190.60"
"2019-02-06","187.50","203.00","190.17"
"2019-02-07","187.50","203.00","189.65"
"2019-02-08","189.00","203.00","189.66"
"2019-02-11","187.50","203.00","190.03"
"2019-02-12","187.50","203.00","189.96"
"2019-02-13","186.00","203.00","188.68"
"2019-02-14","189.00","203.00","187.97"
"2019-02-15","179.50","178.00","178.93"
"2019-02-18","173.50","178.00","179.48"
"2019-02-19","175.00","178.00","179.12"
"2019-02-20","177.00","178.00","179.31"
"2019-02-21","172.50","178.00","177.01"
"2019-02-22","174.00","178.00","177.58"
"2019-02-25","182.00","178.00","178.24"
"2019-02-26","180.00","178.00","177.92"
"2019-02-27","181.50","178.00","178.74"
"2019-02-28","179.00","178.00","178.83"
"2019-03-01","183.00","178.00","178.90"
"2019-03-04","186.00","178.00","179.29"
"2019-03-05","190.00","178.00","179.62"
"2019-03-06","188.00","178.00","179.63"
"2019-03-07","187.00","178.00","179.27"
"2019-03-08","182.00","178.00","178.99"
"2019-03-11","188.00","178.00","180.60"
"2019-03-12","187.00","178.00","181.17"
"2019-03-13","182.00","178.00","181.52"
"2019-03-14","181.00","178.00","180.96"
"2019-03-15","186.00","178.00","181.12"
"2019-03-18","182.00","178.00","181.07"
"2019-03-19","184.50","178.00","181.28"
"2019-03-20","182.50","178.00","181.76"
"2019-03-21","183.00","178.00","181.52"
"2019-03-22","184.00","178.00","179.60"
"2019-03-25","189.00","178.00","178.92"
"2019-03-26","185.50","178.00","179.97"
"2019-03-27","184.00","178.00","179.72"
"2019-03-28","189.00","178.00","180.21"
"2019-03-29","186.50","178.00","180.11"
"2019-04-01","190.50","178.00","180.05"
"2019-04-02","190.50","178.00","180.38"
"2019-04-03","193.50","178.00","180.48"
"2019-04-04","188.50","178.00","181.41"
"2019-04-05","191.50","178.00","181.23"
"2019-04-08","195.00","178.00","181.72"
"2019-04-09","196.00","178.00","182.30"
"2019-04-10","192.00","178.00","182.74"
"2019-04-11","198.00","178.00","182.15"
"2019-04-12","193.50","178.00","182.59"
"2019-04-15","195.50","178.00","182.96"
"2019-04-16","193.00","178.00","183.55"
"2019-04-17","190.50","178.00","183.57"
"2019-04-18","194.00","178.00","184.53"
"2019-04-19","194.00","178.00","184.53"
"2019-04-22","194.00","178.00","184.53"
"2019-04-23","194.00","178.00","183.77"
"2019-04-24","190.00","178.00","185.17"
"2019-04-25","194.00","178.00","184.01"
"2019-04-26","198.00","178.00","184.62"
"2019-04-29","201.00","178.00","184.66"
"2019-04-30","198.50","178.00","185.34"
"2019-05-01","198.50","178.00","185.34"
"2019-05-02","196.50","178.00","186.81"
"2019-05-03","194.50","178.00","187.38"
"2019-05-06","191.00","178.00","186.08"
"2019-05-07","187.50","178.00","185.33"
"2019-05-08","196.50","178.00","185.76"
"2019-05-09","183.00","186.00","191.09"
"2019-05-10","186.50","186.00","186.61"
"2019-05-13","188.00","186.00","186.05"
"2019-05-14","196.50","186.00","188.07"
"2019-05-15","195.00","186.00","188.44"
"2019-05-16","193.50","186.00","188.74"
"2019-05-17","190.00","186.00","188.09"
"2019-05-20","191.50","186.00","192.24"
"2019-05-21","186.00","186.00","192.40"
"2019-05-22","185.50","186.00","192.80"
"2019-05-23","187.50","186.00","191.32"
"2019-05-24","184.50","186.00","191.57"
"2019-05-27","181.00","186.00","191.29"
"2019-05-28","184.50","186.00","191.90"
"2019-05-29","182.00","186.00","191.23"
"2019-05-30","182.00","186.00","191.22"
"2019-05-31","180.50","186.00","191.44"
"2019-06-03","179.00","186.00","190.25"
"2019-06-04","178.00","186.00","191.21"
"2019-06-05","174.00","186.00","192.14"
"2019-06-06","174.00","186.00","192.12"
"2019-06-07","180.50","186.00","192.49"
"2019-06-10","184.00","186.00","193.42"
"2019-06-11","186.50","186.00","194.04"
"2019-06-12","185.50","186.00","194.03"
"2019-06-13","185.00","186.00","194.40"
"2019-06-14","181.00","186.00","194.37"
"2019-06-17","181.00","186.00","192.24"
"2019-06-18","189.00","186.00","193.43"
"2019-06-19","188.00","186.00","193.46"
"2019-06-20","190.00","186.00","193.52"
"2019-06-21","190.00","186.00","193.51"
"2019-06-24","184.00","186.00","193.47"
"2019-06-25","190.50","186.00","193.46"
"2019-06-26","189.00","186.00","192.99"
"2019-06-27","192.50","186.00","192.31"
"2019-06-28","193.00","186.00","193.33"
"2019-07-01","196.50","186.00","194.14"
"2019-07-02","197.50","186.00","194.20"
"2019-07-03","194.50","186.00","194.80"
"2019-07-04","197.50","186.00","195.73"
"2019-07-05","195.00","186.00","194.45"
"2019-07-08","202.00","186.00","195.26"
"2019-07-09","201.00","186.00","194.88"
"2019-07-10","198.50","186.00","194.59"
"2019-07-11","199.00","186.00","196.26"
"2019-07-12","198.00","186.00","195.38"
"2019-07-15","196.50","186.00","197.43"
"2019-07-16","199.00","186.00","197.31"
"2019-07-17","199.00","186.00","196.97"
"2019-07-18","200.00","186.00","196.14"
"2019-07-19","200.00","186.00","194.92"
"2019-07-22","199.50","186.00","194.77"
"2019-07-23","197.00","186.00","195.28"
"2019-07-24","199.00","186.00","195.38"
"2019-07-25","200.00","186.00","195.18"
"2019-07-26","199.50","186.00","195.28"
"2019-07-29","198.50","186.00","195.66"
"2019-07-30","197.00","186.00","195.65"
"2019-07-31","192.50","198.00","196.84"
"2019-08-01","194.00","198.00","196.09"
"2019-08-02","190.00","198.00","195.16"
"2019-08-05","187.50","198.00","193.70"
"2019-08-06","190.00","198.00","194.49"
"2019-08-07","191.00","198.00","194.42"
"2019-08-08","190.00","198.00","194.69"
"2019-08-09","191.50","198.00","193.70"
"2019-08-12","192.50","198.00","193.82"
"2019-08-13","192.00","198.00","193.47"
"2019-08-14","192.00","198.00","192.07"
"2019-08-15","181.00","198.00","191.50"
"2019-08-16","184.00","198.00","191.89"
"2019-08-19","181.00","198.00","192.81"
"2019-08-20","181.00","198.00","193.12"
"2019-08-21","180.00","198.00","193.98"
"2019-08-22","182.00","198.00","192.57"
"2019-08-23","180.50","198.00","192.12"
"2019-08-26","179.00","198.00","191.37"
"2019-08-27","179.00","198.00","191.32"
"2019-08-28","177.50","198.00","190.59"
"2019-08-29","176.50","198.00","191.05"
"2019-08-30","176.50","198.00","191.27"
"2019-09-02","177.00","198.00","190.90"
"2019-09-03","179.00","198.00","191.23"
"2019-09-04","182.00","198.00","190.85"
"2019-09-05","184.50","198.00","191.21"
"2019-09-06","185.00","198.00","191.79"
"2019-09-09","188.00","198.00","191.68"
"2019-09-10","185.00","198.00","191.79"
"2019-09-11","184.50","198.00","191.86"
"2019-09-12","184.50","198.00","191.74"
"2019-09-13","181.00","198.00","191.67"
"2019-09-16","188.00","198.00","190.58"
"2019-09-17","188.00","198.00","189.68"
"2019-09-18","187.50","198.00","190.41"
"2019-09-19","186.00","198.00","190.52"
"2019-09-20","183.50","198.00","191.23"
"2019-09-23","181.50","198.00","190.03"
"2019-09-24","182.00","198.00","189.93"
"2019-09-25","193.00","198.00","189.59"
"2019-09-26","198.50","198.00","189.74"
"2019-09-27","195.00","198.00","189.97"
"2019-09-30","194.50","198.00","189.95"
"2019-10-01","192.00","198.00","189.65"
"2019-10-02","191.00","198.00","189.16"
"2019-10-03","186.50","198.00","189.12"
"2019-10-04","192.00","198.00","189.64"
"2019-10-07","197.00","198.00","188.97"
"2019-10-08","194.50","198.00","189.44"
"2019-10-09","193.00","198.00","188.66"
"2019-10-10","193.00","198.00","189.17"
"2019-10-11","193.00","198.00","188.50"
"2019-10-14","191.00","198.00","189.51"
"2019-10-15","191.00","198.00","189.32"
"2019-10-16","188.50","192.00","191.31"
"2019-10-17","189.00","192.00","191.61"
"2019-10-18","188.00","192.00","191.97"
"2019-10-21","193.00","192.00","191.67"
"2019-10-22","188.00","192.00","191.30"
"2019-10-23","188.00","192.00","191.78"
"2019-10-24","189.50","192.00","191.10"
"2019-10-25","190.00","192.00","192.24"
"2019-10-28","188.50","192.00","192.34"
"2019-10-29","188.00","192.00","192.62"
"2019-10-30","189.00","192.00","191.95"
"2019-10-31","190.50","192.00","192.13"
"2019-11-01","190.50","192.00","192.45"
"2019-11-04","196.50","192.00","192.65"
"2019-11-05","193.50","192.00","192.57"
"2019-11-06","192.00","192.00","193.27"
"2019-11-07","187.00","192.00","194.76"
"2019-11-08","188.50","192.00","194.78"
"2019-11-11","190.50","192.00","194.89"
"2019-11-12","190.00","192.00","194.84"
"2019-11-13","186.50","192.00","195.36"
"2019-11-14","187.00","192.00","195.22"
"2019-11-15","185.00","192.00","195.28"
"2019-11-18","184.00","192.00","195.06"
"2019-11-19","184.00","192.00","195.11"
"2019-11-20","191.50","192.00","194.89"
"2019-11-21","182.50","192.00","195.35"
"2019-11-22","181.00","192.00","195.52"
"2019-11-25","190.00","192.00","196.20"
"2019-11-26","189.50","192.00","195.68"
"2019-11-27","187.50","192.00","196.23"
"2019-11-28","187.50","192.00","196.50"
"2019-11-29","190.00","192.00","196.62"
"2019-12-02","192.00","192.00","196.37"
"2019-12-03","192.50","192.00","196.29"
"2019-12-04","190.50","192.00","195.54"
"2019-12-05","192.50","192.00","195.89"
"2019-12-06","192.50","192.00","195.90"
"2019-12-09","191.50","192.00","195.47"
"2019-12-10","192.00","192.00","195.57"
"2019-12-11","192.00","192.00","195.60"
"2019-12-12","195.00","192.00","195.59"
"2019-12-13","191.00","192.00","195.89"
"2019-12-16","194.50","192.00","196.60"
"2019-12-17","197.00","192.00","196.09"
"2019-12-18","195.00","192.00","195.44"
"2019-12-19","193.00","192.00","196.05"
"2019-12-20","192.00","192.00","196.54"
"2019-12-23","196.50","192.00","197.58"
"2019-12-24","196.50","192.00","197.58"
"2019-12-25","196.50","192.00","197.58"
"2019-12-26","196.50","192.00","197.58"
"2019-12-27","196.50","192.00","198.29"
"2019-12-30","195.00","192.00","198.68"
"2019-12-31","195.00","192.00","198.68"
"2020-01-01","195.00","192.00","198.68"
"2020-01-02","197.00","192.00","199.47"
"2020-01-03","195.00","192.00","199.41"
"2020-01-06","195.00","192.00","199.41"
"2020-01-07","195.00","192.00","198.02"
"2020-01-08","193.00","192.00","198.36"
"2020-01-09","193.00","192.00","198.56"
"2020-01-10","193.00","192.00","198.83"
"2020-01-13","193.00","192.00","199.25"
"2020-01-14","191.50","192.00","199.09"
"2020-01-15","190.00","192.00","198.87"
"2020-01-16","191.00","192.00","200.07"
"2020-01-17","190.50","192.00","200.55"
"2020-01-20","190.50","192.00","200.84"
"2020-01-21","189.50","192.00","200.59"
"2020-01-22","187.50","192.00","197.80"
"2020-01-23","187.00","192.00","196.83"
"2020-01-24","187.50","192.00","198.02"
"2020-01-27","186.50","192.00","196.62"
"2020-01-28","185.50","192.00","197.41"
"2020-01-29","188.50","192.00","196.77"
"2020-01-30","188.50","192.00","196.77"
"2020-01-31","186.50","192.00","196.87"
"2020-02-03","180.50","192.00","196.13"
"2020-02-04","180.00","192.00","196.63"
"2020-02-05","184.00","192.00","197.12"
"2020-02-06","182.50","192.00","197.95"
"2020-02-07","182.00","192.00","197.74"
"2020-02-10","185.50","192.00","197.93"
"2020-02-11","183.00","192.00","198.65"
"2020-02-12","185.00","192.00","198.67"
"2020-02-13","183.00","192.00","198.85"
"2020-02-14","189.00","203.00","204.27"
"2020-02-17","189.50","203.00","204.55"
"2020-02-18","188.00","203.00","204.35"
"2020-02-19","192.50","203.00","204.49"
"2020-02-20","191.00","203.00","203.30"
"2020-02-21","189.50","203.00","203.40"
"2020-02-24","184.50","203.00","200.50"
"2020-02-25","183.00","203.00","200.09"
"2020-02-26","180.00","203.00","199.14"
"2020-02-27","181.00","203.00","197.25"
"2020-02-28","170.50","203.00","196.13"
"2020-03-02","177.00","203.00","194.88"
"2020-03-03","181.00","203.00","195.98"
"2020-03-04","180.50","203.00","195.96"
"2020-03-05","178.00","203.00","195.41"
"2020-03-06","174.50","203.00","194.60"
"2020-03-09","171.00","203.00","191.31"
"2020-03-10","168.50","203.00","190.96"
"2020-03-11","169.00","203.00","189.48"
"2020-03-12","168.00","203.00","184.36"
"2020-03-13","164.00","203.00","186.31"
"2020-03-16","152.00","203.00","180.78"
"2020-03-17","146.50","203.00","179.69"
"2020-03-18","143.50","203.00","178.04"
"2020-03-19","140.00","203.00","178.51"
"2020-03-20","144.50","203.00","179.61"
"2020-03-23","146.00","203.00","177.35"
"2020-03-24","148.00","203.00","180.84"
"2020-03-25","153.00","203.00","180.11"
"2020-03-26","152.00","203.00","180.10"
"2020-03-27","154.00","203.00","179.46"
"2020-03-30","155.00","203.00","179.22"
"2020-03-31","157.50","203.00","181.64"
"2020-04-01","161.00","203.00","180.81"
"2020-04-02","158.00","203.00","179.83"
"2020-04-03","162.00","203.00","181.25"
"2020-04-06","167.00","203.00","181.14"
"2020-04-07","168.00","203.00","182.77"
"2020-04-08","174.00","203.00","184.14"
"2020-04-09","165.50","158.00","161.33"
"2020-04-10","165.50","158.00","161.33"
"2020-04-13","165.50","158.00","161.36"
"2020-04-14","180.00","158.00","161.63"
"2020-04-15","170.00","158.00","160.08"
"2020-04-16","172.00","158.00","158.87"
"2020-04-17","165.50","158.00","158.90"
"2020-04-20","159.50","158.00","159.40"
"2020-04-21","160.00","158.00","159.23"
"2020-04-22","162.50","158.00","158.62"
"2020-04-23","160.00","158.00","158.64"
"2020-04-24","157.00","158.00","158.23"
"2020-04-27","157.50","158.00","157.63"
"2020-04-28","162.00","158.00","159.15"
"2020-04-29","163.50","158.00","159.39"
"2020-04-30","166.00","158.00","160.25"
"2020-05-01","166.00","158.00","160.25"
"2020-05-04","159.50","158.00","158.59"
"2020-05-05","160.00","158.00","159.36"
"2020-05-06","165.00","158.00","159.31"
"2020-05-07","161.00","158.00","155.55"
"2020-05-08","161.00","158.00","156.04"
"2020-05-11","157.50","158.00","155.76"
"2020-05-12","157.50","158.00","156.06"
"2020-05-13","158.50","158.00","155.16"
"2020-05-14","155.00","158.00","153.95"
"2020-05-15","150.00","158.00","154.20"
"2020-05-18","149.00","158.00","154.22"
"2020-05-19","151.00","158.00","154.37"
"2020-05-20","153.00","158.00","154.32"
"2020-05-21","153.00","158.00","154.33"
"2020-05-22","153.00","158.00","154.74"
"2020-05-25","154.00","158.00","155.44"
"2020-05-26","154.00","158.00","156.96"
"2020-05-27","157.00","158.00","157.19"
"2020-05-28","160.50","158.00","156.32"
"2020-05-29","165.00","158.00","155.26"
"2020-06-01","170.00","158.00","155.18"
"2020-06-02","171.00","158.00","155.49"
"2020-06-03","170.00","158.00","156.94"
"2020-06-04","167.50","158.00","156.20"
"2020-06-05","169.50","158.00","157.38"
"2020-06-08","167.50","158.00","159.09"
"2020-06-09","165.00","158.00","158.22"
"2020-06-10","167.00","158.00","158.11"
"2020-06-11","163.00","158.00","157.20"
"2020-06-12","164.00","158.00","158.09"
"2020-06-15","160.00","158.00","157.67"
"2020-06-16","168.00","158.00","159.33"
"2020-06-17","168.50","158.00","158.80"
"2020-06-18","169.00","158.00","158.71"
"2020-06-19","169.00","158.00","158.71"
"2020-06-22","167.50","158.00","158.24"
"2020-06-23","169.00","158.00","158.91"
"2020-06-24","169.00","158.00","158.56"
"2020-06-25","173.00","158.00","158.80"
"2020-06-26","175.00","158.00","159.05"
"2020-06-29","175.50","158.00","158.38"
"2020-06-30","172.00","158.00","158.47"
"2020-07-01","171.00","158.00","158.80"
"2020-07-02","169.00","158.00","158.85"
"2020-07-03","167.50","158.00","158.67"
"2020-07-06","170.00","158.00","159.18"
"2020-07-07","167.00","158.00","158.66"
"2020-07-08","167.00","158.00","159.32"
"2020-07-09","169.50","158.00","159.85"
"2020-07-10","169.00","158.00","159.93"
"2020-07-13","168.00","158.00","160.79"
"2020-07-14","168.50","158.00","159.78"
"2020-07-15","170.50","158.00","161.29"
"2020-07-16","168.50","158.00","161.99"
"2020-07-17","168.00","165.00","163.11"
"2020-07-20","173.50","165.00","169.55"
"2020-07-21","171.50","165.00","169.60"
"2020-07-22","169.50","165.00","169.60"
"2020-07-23","173.00","165.00","170.08"
"2020-07-24","171.00","165.00","169.76"
"2020-07-27","169.00","165.00","170.15"
"2020-07-28","173.00","165.00","170.97"
"2020-07-29","169.50","165.00","170.99"
"2020-07-30","169.00","165.00","170.04"
"2020-07-31","172.00","165.00","170.40"
"2020-08-03","169.50","165.00","171.17"
"2020-08-04","169.00","165.00","171.44"
"2020-08-05","169.50","165.00","171.88"
"2020-08-06","168.00","165.00","172.35"
"2020-08-07","167.50","165.00","172.01"
"2020-08-10","167.50","165.00","172.69"
"2020-08-11","169.00","165.00","172.23"
"2020-08-12","168.50","165.00","172.29"
"2020-08-13","167.50","165.00","172.40"
"2020-08-14","166.50","165.00","172.44"
"2020-08-17","168.00","165.00","172.49"
"2020-08-18","175.00","165.00","173.39"
"2020-08-19","176.00","165.00","173.42"
"2020-08-20","173.50","165.00","172.97"
"2020-08-21","173.00","165.00","172.56"
"2020-08-24","171.00","165.00","173.62"
"2020-08-25","174.50","165.00","173.47"
"2020-08-26","174.00","165.00","173.96"
"2020-08-27","171.50","165.00","174.22"
"2020-08-28","168.00","165.00","173.56"
"2020-08-31","168.00","165.00","173.46"
"2020-09-01","168.50","165.00","174.65"
"2020-09-02","168.50","165.00","175.39"
"2020-09-03","172.50","165.00","174.41"
"2020-09-04","168.00","165.00","173.11"
"2020-09-07","173.50","165.00","176.05"
"2020-09-08","171.00","165.00","175.93"
"2020-09-09","173.50","165.00","176.25"
"2020-09-10","171.50","165.00","175.97"
"2020-09-11","171.00","165.00","175.48"
"2020-09-14","172.00","165.00","176.40"
"2020-09-15","175.00","165.00","175.83"
"2020-09-16","172.50","165.00","176.21"
"2020-09-17","172.50","165.00","175.31"
"2020-09-18","175.00","165.00","175.32"
"2020-09-21","172.50","165.00","174.84"
"2020-09-22","176.00","165.00","175.50"
"2020-09-23","176.00","165.00","176.41"
"2020-09-24","173.00","165.00","175.41"
"2020-09-25","174.00","165.00","176.38"
"2020-09-28","174.00","165.00","176.10"
"2020-09-29","173.50","165.00","176.60"
"2020-09-30","175.50","165.00","176.94"
"2020-10-01","173.00","165.00","177.46"
"2020-10-02","172.00","165.00","177.01"
"2020-10-05","170.00","165.00","178.13"
"2020-10-06","167.50","165.00","178.40"
"2020-10-07","170.00","165.00","178.63"
"2020-10-08","167.50","165.00","179.49"
"2020-10-09","170.00","165.00","179.83"
"2020-10-12","170.00","165.00","179.75"
"2020-10-13","169.50","165.00","178.26"
"2020-10-14","171.00","165.00","180.39"
"2020-10-15","171.00","165.00","178.94"
"2020-10-16","172.00","165.00","178.52"
"2020-10-19","172.00","165.00","179.60"
"2020-10-20","173.50","165.00","180.89"
"2020-10-21","174.00","165.00","179.37"
"2020-10-22","172.50","165.00","178.25"
"2020-10-23","172.00","183.00","185.75"
"2020-10-26","171.00","183.00","184.76"
"2020-10-27","170.50","183.00","184.04"
"2020-10-28","167.00","183.00","180.64"
"2020-10-29","168.00","183.00","180.34"
"2020-10-30","167.50","183.00","181.77"
"2020-11-02","172.00","183.00","182.77"
"2020-11-03","174.00","183.00","182.84"
"2020-11-04","173.50","183.00","184.23"
"2020-11-05","174.00","183.00","185.15"
"2020-11-06","172.00","183.00","184.71"
"2020-11-09","169.50","183.00","184.79"
"2020-11-10","173.50","183.00","183.77"
"2020-11-11","175.00","183.00","184.54"
"2020-11-12","172.50","183.00","183.55"
"2020-11-13","173.50","183.00","185.63"
"2020-11-16","173.50","183.00","184.74"
"2020-11-17","172.00","183.00","184.78"
"2020-11-18","173.50","183.00","184.64"
"2020-11-19","173.50","183.00","184.78"
"2020-11-20","172.00","183.00","185.23"
"2020-11-23","172.50","183.00","185.19"
"2020-11-24","171.00","183.00","186.49"
"2020-11-25","172.00","183.00","186.64"
"2020-11-26","174.00","183.00","186.55"
"2020-11-27","173.50","183.00","187.06"
"2020-11-30","175.00","183.00","187.29"
"2020-12-01","176.00","183.00","187.66"
"2020-12-02","173.00","183.00","187.91"
"2020-12-03","174.50","183.00","188.31"
"2020-12-04","174.00","183.00","188.44"
"2020-12-07","176.00","183.00","189.51"
"2020-12-08","175.50","183.00","190.17"
"2020-12-09","175.00","183.00","189.82"
"2020-12-10","175.00","183.00","189.97"
"2020-12-11","177.00","183.00","189.73"
"2020-12-14","181.00","183.00","190.02"
"2020-12-15","180.00","183.00","190.64"
"2020-12-16","180.00","183.00","190.59"
"2020-12-17","182.50","183.00","190.81"
"2020-12-18","182.50","183.00","190.46"
"2020-12-21","176.00","183.00","189.28"
"2020-12-22","178.00","183.00","189.87"
"2020-12-23","185.00","183.00","190.49"
"2020-12-24","185.00","183.00","190.52"
"2020-12-25","185.00","183.00","190.51"
"2020-12-28","184.50","183.00","191.65"
"2020-12-29","184.50","183.00","191.87"
"2020-12-30","187.00","183.00","191.61"
"2020-12-31","187.00","183.00","191.63"
"2021-01-01","187.00","183.00","191.64"
"2021-01-04","190.00","183.00","193.07"
"2021-01-05","186.00","183.00","192.64"
"2021-01-06","186.00","183.00","192.63"
"2021-01-07","183.50","183.00","193.40"
"2021-01-08","189.00","183.00","194.34"
"2021-01-11","190.00","183.00","193.66"
"2021-01-12","188.00","183.00","193.92"
"2021-01-13","188.00","183.00","193.35"
"2021-01-14","192.00","183.00","192.77"
"2021-01-15","192.50","183.00","192.75"
"2021-01-18","192.50","183.00","194.21"
"2021-01-19","190.50","183.00","194.82"
"2021-01-20","189.50","183.00","196.25"
"2021-01-21","189.00","183.00","195.94"
"2021-01-22","189.00","183.00","195.63"
"2021-01-25","186.50","183.00","195.16"
"2021-01-26","186.50","183.00","195.08"
"2021-01-27","187.50","183.00","194.98"
"2021-01-28","187.00","183.00","194.55"
"2021-01-29","185.00","183.00","194.28"
"2021-02-01","186.00","183.00","196.14"
"2021-02-02","188.50","183.00","197.29"
"2021-02-03","190.00","183.00","197.16"
"2021-02-04","190.50","183.00","196.78"
"2021-02-05","191.50","183.00","195.81"
"2021-02-08","191.50","183.00","196.56"
"2021-02-09","190.00","183.00","195.69"
"2021-02-10","190.00","183.00","194.88"
"2021-02-11","189.00","183.00","194.67"
"2021-02-12","189.50","183.00","197.72"
"2021-02-15","190.00","197.00","203.60"
"2021-02-16","191.00","197.00","203.53"
"2021-02-17","189.00","197.00","203.38"
"2021-02-18","189.00","197.00","203.95"
"2021-02-19","188.00","197.00","204.31"
"2021-02-22","186.00","197.00","204.80"
"2021-02-23","184.50","197.00","205.17"
"2021-02-24","186.00","197.00","205.98"
"2021-02-25","188.00","197.00","208.66"
"2021-02-26","192.50","197.00","209.55"
"2021-03-01","193.00","197.00","210.95"
"2021-03-02","195.00","197.00","210.66"
"2021-03-03","196.00","197.00","212.04"
"2021-03-04","193.00","197.00","211.90"
"2021-03-05","193.00","197.00","211.91"
"2021-03-08","191.00","197.00","212.79"
"2021-03-09","195.00","197.00","212.89"
"2021-03-10","197.50","197.00","212.63"
"2021-03-11","198.50","197.00","212.61"
"2021-03-12","193.50","197.00","212.54"
"2021-03-15","197.00","197.00","212.24"
"2021-03-16","200.00","197.00","212.92"
"2021-03-17","196.50","197.00","212.29"
"2021-03-18","200.00","197.00","213.34"
"2021-03-19","199.00","197.00","213.36"
"2021-03-22","199.00","197.00","214.21"
"2021-03-23","198.50","197.00","213.67"
"2021-03-24","198.00","197.00","215.27"
"2021-03-25","195.00","197.00","214.86"
"2021-03-26","197.00","197.00","215.60"
"2021-03-29","199.50","197.00","217.66"
"2021-03-30","204.00","197.00","217.05"
"2021-03-31","204.00","197.00","218.04"
"2021-04-01","202.00","197.00","219.51"
"2021-04-02","202.00","197.00","219.51"
"2021-04-05","202.00","197.00","219.52"
"2021-04-06","206.00","197.00","220.22"
"2021-04-07","203.00","197.00","220.75"
"2021-04-08","212.00","197.00","220.94"
"2021-04-09","215.00","197.00","221.97"
"2021-04-12","215.00","197.00","222.87"
"2021-04-13","215.00","197.00","222.66"
"2021-04-14","225.00","197.00","223.19"
"2021-04-15","225.00","197.00","227.21"
"2021-04-16","232.00","197.00","229.88"
"2021-04-19","236.00","197.00","230.25"
"2021-04-20","225.00","197.00","228.22"
"2021-04-21","226.00","197.00","226.53"
"2021-04-22","229.00","197.00","225.44"
"2021-04-23","233.00","197.00","225.78"
"2021-04-26","231.00","231.00","241.27"
"2021-04-27","224.00","231.00","238.61"
"2021-04-28","226.00","231.00","239.04"
"2021-04-29","233.00","231.00","238.17"
"2021-04-30","238.00","231.00","239.72"
"2021-05-03","237.00","231.00","239.00"
"2021-05-04","234.00","231.00","238.92"
"2021-05-05","229.00","231.00","238.76"
"2021-05-06","216.00","231.00","238.42"
"2021-05-07","218.00","231.00","239.37"
"2021-05-10","226.00","231.00","240.21"
"2021-05-11","223.00","231.00","238.07"
"2021-05-12","222.00","231.00","237.95"
"2021-05-13","222.00","231.00","237.83"
"2021-05-14","223.00","231.00","237.12"
"2021-05-17","220.00","231.00","238.46"
"2021-05-18","221.00","231.00","239.07"
"2021-05-19","210.00","231.00","236.54"
"2021-05-20","214.00","231.00","236.39"
"2021-05-21","217.00","231.00","237.22"
"2021-05-24","222.00","231.00","236.89"
"2021-05-25","225.00","231.00","237.12"
"2021-05-26","220.00","231.00","237.48"
"2021-05-27","226.00","231.00","238.84"
"2021-05-28","226.00","231.00","239.69"
"2021-05-31","229.00","231.00","239.27"
"2021-06-01","238.00","231.00","239.25"
"2021-06-02","235.00","231.00","237.25"
"2021-06-03","234.00","231.00","238.77"
"2021-06-04","240.00","231.00","237.74"
"2021-06-07","238.00","231.00","237.06"
"2021-06-08","238.00","231.00","236.90"
"2021-06-09","238.00","231.00","237.18"
"2021-06-10","240.00","231.00","236.73"
"2021-06-11","237.00","231.00","236.46"
"2021-06-14","236.00","231.00","235.50"
"2021-06-15","231.00","231.00","235.00"
"2021-06-16","227.00","231.00","233.58"
"2021-06-17","234.00","231.00","233.60"
"2021-06-18","232.00","231.00","232.88"
"2021-06-21","224.00","231.00","232.03"
"2021-06-22","219.00","231.00","231.35"
"2021-06-23","217.00","231.00","233.10"
"2021-06-24","223.00","231.00","233.73"
"2021-06-25","223.00","231.00","233.88"
"2021-06-28","224.00","231.00","235.05"
"2021-06-29","223.00","231.00","237.37"
"2021-06-30","226.00","231.00","236.74"
"2021-07-01","227.00","231.00","237.42"
"2021-07-02","231.00","231.00","238.85"
"2021-07-05","231.00","231.00","240.15"
"2021-07-06","240.00","231.00","241.54"
"2021-07-07","243.00","231.00","241.45"
"2021-07-08","242.00","231.00","240.51"
"2021-07-09","240.00","231.00","240.37"
"2021-07-12","240.00","231.00","241.58"
"2021-07-13","246.00","231.00","242.50"
"2021-07-14","257.00","231.00","245.78"
"2021-07-15","257.00","231.00","245.25"
"2021-07-16","254.00","240.00","243.78"
"2021-07-19","251.00","240.00","240.61"
"2021-07-20","255.00","240.00","241.21"
"2021-07-21","254.00","240.00","241.43"
"2021-07-22","250.00","240.00","241.86"
"2021-07-23","255.00","240.00","242.71"
"2021-07-26","250.00","240.00","243.96"
"2021-07-27","248.00","240.00","244.57"
"2021-07-28","255.00","240.00","243.78"
"2021-07-29","260.00","240.00","244.73"
"2021-07-30","260.00","240.00","244.30"
"2021-08-02","260.00","240.00","246.02"
"2021-08-03","249.00","240.00","245.36"
"2021-08-04","253.00","240.00","248.67"
"2021-08-05","253.00","240.00","249.01"
"2021-08-06","248.00","240.00","248.14"
"2021-08-09","253.00","240.00","247.60"
"2021-08-10","249.00","240.00","248.63"
"2021-08-11","248.00","240.00","249.84"
"2021-08-12","252.00","240.00","251.62"
"2021-08-13","247.00","240.00","249.91"
"2021-08-16","240.00","240.00","247.78"
"2021-08-17","238.00","240.00","247.54"
"2021-08-18","239.00","240.00","246.93"
"2021-08-19","230.00","240.00","246.15"
"2021-08-20","235.00","240.00","246.67"
"2021-08-23","238.00","240.00","246.20"
"2021-08-24","234.00","240.00","247.53"
"2021-08-25","238.00","240.00","247.98"
"2021-08-26","245.00","240.00","245.09"
"2021-08-27","246.00","240.00","245.84"
